structural_zone_key,ticker,side,zone_class,timeframe,source_reason,lower,upper,center,snapshot_count,valid_from,valid_to
"AAPL::resistance::200.5200::7.9225::avwap_D,vp_D,vp_W::D,W",AAPL,resistance,composite,"D,W","avwap_D,vp_D,vp_W",196.55968383789062,204.4815186023712,200.5206012201309,1,2025-06-17,2025-06-24 23:59:59.999999
"AAPL::resistance::201.5850::5.2750::avwap_D,vp_D::D",AAPL,resistance,composite,D,"avwap_D,vp_D",198.94895232518513,204.22272685368856,201.58583958943683,1,2025-06-25,2025-07-01 23:59:59.999999
"AAPL::support::200.1450::7.1750::avwap_D,vp_D,vp_W::D,W",AAPL,support,composite,"D,W","avwap_D,vp_D,vp_W",196.55968383789062,203.73365112304688,200.14666748046875,1,2025-06-25,2025-07-01 23:59:59.999999
AAPL::support::197.3000::2.8275::vp_W::W,AAPL,support,inventory,W,vp_W,195.8868393055598,198.71317252000173,197.30000591278076,1,2025-07-02,2025-07-09 23:59:59.999999
"AAPL::support::201.5650::6.2825::avwap_D,vp_D,vp_W::D,W",AAPL,support,composite,"D,W","avwap_D,vp_D,vp_W",198.4255054426193,204.70783793608348,201.56667168935138,1,2025-07-02,2025-07-09 23:59:59.999999
AAPL::support::205.8350::2.0575::avwap_D::D,AAPL,support,cost,D,avwap_D,204.80782229454485,206.86619236785685,205.83700733120085,1,2025-07-02,2025-07-09 23:59:59.999999
AAPL::resistance::211.1550::2.1125::avwap_D::D,AAPL,resistance,cost,D,avwap_D,210.09730224805108,212.20883292391088,211.15306758598098,1,2025-07-10,2025-07-16 23:59:59.999999
"AAPL::support::200.5850::8.6375::avwap_D,vp_D,vp_W::D,W",AAPL,support,composite,"D,W","avwap_D,vp_D,vp_W",196.26635798454285,204.90387356758117,200.58511577606203,1,2025-07-10,2025-07-16 23:59:59.999999
"AAPL::support::210.0800::3.0250::avwap_D,vp_D::D",AAPL,support,composite,D,"avwap_D,vp_D",208.56830977201463,211.59400791478467,210.08115884339963,1,2025-07-10,2025-07-16 23:59:59.999999
"AAPL::resistance::210.5000::5.6325::avwap_D,vp_D,vp_W::D,W",AAPL,resistance,composite,"D,W","avwap_D,vp_D,vp_W",207.6833373403549,213.31499372959138,210.49916553497314,1,2025-07-17,2025-07-23 23:59:59.999999
"AAPL::support::201.9950::7.0475::avwap_D,vp_D,vp_W::D,W",AAPL,support,composite,"D,W","avwap_D,vp_D,vp_W",198.46992572307587,205.51829177230587,201.99410874769086,1,2025-07-17,2025-07-23 23:59:59.999999
"AAPL::support::203.0700::7.4400::avwap_D,vp_W::D,W",AAPL,support,composite,"D,W","avwap_D,vp_W",199.35159190654755,206.79050533282026,203.0710486196839,1,2025-07-24,2025-07-30 23:59:59.999999
"AAPL::support::211.4550::6.7100::avwap_D,vp_D,vp_W::D,W",AAPL,support,composite,"D,W","avwap_D,vp_D,vp_W",208.10216744422914,214.81259314537047,211.4573802947998,1,2025-07-24,2025-07-30 23:59:59.999999
"AAPL::resistance::211.8650::7.4925::avwap_D,vp_D,vp_W::D,W",AAPL,resistance,composite,"D,W","avwap_D,vp_D,vp_W",208.11755793571473,215.6109785135587,211.8642682246367,1,2025-07-31,2025-08-06 23:59:59.999999
AAPL::support::201.2400::3.7750::vp_W::W,AAPL,support,inventory,W,vp_W,199.35379607200622,203.1295451450348,201.2416706085205,1,2025-07-31,2025-08-06 23:59:59.999999
AAPL::support::205.8800::3.6200::avwap_D::D,AAPL,support,cost,D,avwap_D,204.07039415284245,207.68931255094023,205.87985335189134,1,2025-07-31,2025-08-06 23:59:59.999999
AAPL::resistance::213.8450::4.2200::vp_D::D,AAPL,resistance,inventory,D,vp_D,211.73576778888702,215.95673010031382,213.8462489446004,1,2025-08-07,2025-08-13 23:59:59.999999
AAPL::support::206.2050::3.6425::avwap_D::D,AAPL,support,cost,D,avwap_D,204.38102509206618,208.02456651897361,206.20279580551988,1,2025-08-07,2025-08-13 23:59:59.999999
"AAPL::support::211.3800::8.2850::avwap_D,vp_D,vp_W::D,W",AAPL,support,composite,"D,W","avwap_D,vp_D,vp_W",207.2380959177017,215.52356751918794,211.38083171844482,1,2025-08-07,2025-08-13 23:59:59.999999
"AAPL::support::203.1300::4.3600::vp_D,vp_W::D,W",AAPL,support,composite,"D,W","vp_D,vp_W",200.9497686243057,205.30879941781362,203.12928402105968,1,2025-08-14,2025-08-20 23:59:59.999999
"AAPL::support::212.5750::12.0525::avwap_D,vp_D,vp_W::D,W",AAPL,support,composite,"D,W","avwap_D,vp_D,vp_W",206.54897505170203,218.60225323560306,212.57561414365256,1,2025-08-14,2025-08-20 23:59:59.999999
"AAPL::support::229.3700::3.7625::avwap_D,vp_D::D",AAPL,support,composite,D,"avwap_D,vp_D",227.48964302980957,231.25308804829913,229.37136553905435,1,2025-08-14,2025-08-20 23:59:59.999999
"AAPL::resistance::230.5600::7.2075::avwap_D,vp_D::D",AAPL,resistance,composite,D,"avwap_D,vp_D",226.9551239180565,234.16216880400975,230.55864636103314,1,2025-08-21,2025-08-27 23:59:59.999999
AAPL::support::203.6000::3.4375::vp_D::D,AAPL,support,inventory,D,vp_D,201.88241356690725,205.3188365093867,203.60062503814697,1,2025-08-21,2025-08-27 23:59:59.999999
"AAPL::support::211.2150::11.0775::avwap_D,vp_D,vp_W::D,W",AAPL,support,composite,"D,W","avwap_D,vp_D,vp_W",205.67476132710775,216.75189476013182,211.21332804361978,1,2025-08-21,2025-08-27 23:59:59.999999
AAPL::support::220.7350::2.2075::avwap_D::D,AAPL,support,cost,D,avwap_D,219.63286299666626,221.8402284539192,220.73654572529273,1,2025-08-21,2025-08-27 23:59:59.999999
"AAPL::support::212.0050::9.1250::avwap_D,vp_W::D,W",AAPL,support,composite,"D,W","avwap_D,vp_W",207.44413440704346,216.56836254119872,212.0062484741211,1,2025-08-28,2025-09-04 23:59:59.999999
AAPL::support::221.8750::2.2200::avwap_D::D,AAPL,support,cost,D,avwap_D,220.76785117657914,222.9866235502131,221.87723736339612,1,2025-08-28,2025-09-04 23:59:59.999999
"AAPL::support::229.5100::9.2975::avwap_D,vp_D,vp_W::D,W",AAPL,support,composite,"D,W","avwap_D,vp_D,vp_W",224.8597504425049,234.1569172414144,229.50833384195965,1,2025-08-28,2025-09-04 23:59:59.999999
"AAPL::support::211.9000::6.9200::avwap_D,vp_W::D,W",AAPL,support,composite,"D,W","avwap_D,vp_W",208.44049873669942,215.3594979572296,211.8999983469645,1,2025-09-05,2025-09-11 23:59:59.999999
AAPL::support::224.0100::2.2400::avwap_D::D,AAPL,support,cost,D,avwap_D,222.88915856342066,225.1292506092842,224.00920458635244,1,2025-09-05,2025-09-11 23:59:59.999999
"AAPL::support::229.9050::8.9625::avwap_D,vp_D,vp_W::D,W",AAPL,support,composite,"D,W","avwap_D,vp_D,vp_W",225.42542022705078,234.38695770263672,229.90618896484375,1,2025-09-05,2025-09-11 23:59:59.999999
AAPL::resistance::231.1900::2.3125::avwap_D::D,AAPL,resistance,cost,D,avwap_D,230.03492537237494,232.34683417008725,231.1908797712311,1,2025-09-12,2025-09-18 23:59:59.999999
AAPL::resistance::233.6850::2.3375::avwap_D::D,AAPL,resistance,cost,D,avwap_D,232.51600967783827,234.85285399620852,233.6844318370234,1,2025-09-12,2025-09-18 23:59:59.999999
AAPL::resistance::237.3000::3.1050::vp_D::D,AAPL,resistance,inventory,D,vp_D,235.74860180536905,238.85242409388226,237.30051294962567,1,2025-09-12,2025-09-18 23:59:59.999999
"AAPL::support::213.1150::5.4500::avwap_D,vp_W::D,W",AAPL,support,composite,"D,W","avwap_D,vp_W",210.3894309870402,215.83890661875407,213.11416880289715,1,2025-09-12,2025-09-18 23:59:59.999999
"AAPL::support::229.4000::9.5425::avwap_D,vp_D,vp_W::D,W",AAPL,support,composite,"D,W","avwap_D,vp_D,vp_W",224.63024055376505,234.17270165761312,229.4014711056891,1,2025-09-12,2025-09-18 23:59:59.999999
AAPL::resistance::238.2150::5.6700::vp_D::D,AAPL,resistance,inventory,D,vp_D,235.37862561861675,241.0494431781769,238.21403439839682,1,2025-09-19,2025-09-25 23:59:59.999999
AAPL::support::214.2750::3.2775::avwap_D::D,AAPL,support,cost,D,avwap_D,212.6359762941837,215.91342764372186,214.2747019689528,1,2025-09-19,2025-09-25 23:59:59.999999
"AAPL::support::228.0650::3.9475::avwap_D,vp_D::D",AAPL,support,composite,D,"avwap_D,vp_D",226.08981103646738,230.03694211324057,228.06337657485398,1,2025-09-19,2025-09-25 23:59:59.999999
"AAPL::support::233.0250::15.6025::avwap_D,vp_W::D,W",AAPL,support,composite,"D,W","avwap_D,vp_W",225.22238371531168,240.82596121470135,233.02417246500653,1,2025-09-19,2025-09-25 23:59:59.999999
AAPL::support::217.2700::3.5700::avwap_D::D,AAPL,support,cost,D,avwap_D,215.48493705525044,219.0558230905477,217.27038007289906,1,2025-09-26,2025-10-02 23:59:59.999999
"AAPL::support::232.9900::18.5650::avwap_D,vp_D,vp_W::D,W",AAPL,support,composite,"D,W","avwap_D,vp_D,vp_W",223.70671714464822,242.2707723267873,232.98874473571777,1,2025-09-26,2025-10-02 23:59:59.999999
"AAPL::support::254.7250::5.1625::avwap_D,vp_D::D",AAPL,support,composite,D,"avwap_D,vp_D",252.14289934158325,257.3057929801941,254.72434616088867,1,2025-09-26,2025-10-02 23:59:59.999999
AAPL::support::218.8100::3.7075::avwap_D::D,AAPL,support,cost,D,avwap_D,216.95503053051328,220.66139739366537,218.80821396208933,1,2025-10-03,2025-10-09 23:59:59.999999
"AAPL::support::233.5200::15.9750::avwap_D,vp_D,vp_W::D,W",AAPL,support,composite,"D,W","avwap_D,vp_D,vp_W",225.53483708699545,241.51006985664367,233.52245347181957,1,2025-10-03,2025-10-09 23:59:59.999999
"AAPL::support::255.0250::5.9700::avwap_D,vp_D,vp_W::D,W",AAPL,support,composite,"D,W","avwap_D,vp_D,vp_W",252.04190277814865,258.0127818608284,255.02734231948853,1,2025-10-03,2025-10-09 23:59:59.999999
"AAPL::resistance::255.7750::8.2250::avwap_D,vp_D,vp_W::D,W",AAPL,resistance,composite,"D,W","avwap_D,vp_D,vp_W",251.66527340809506,259.88929361104965,255.77728350957236,1,2025-10-10,2025-10-16 23:59:59.999999
AAPL::support::220.1750::3.8175::avwap_D::D,AAPL,support,cost,D,avwap_D,218.2668290911765,222.0830980173591,220.1749635542678,1,2025-10-10,2025-10-16 23:59:59.999999
AAPL::support::228.9500::3.7675::vp_W::W,AAPL,support,inventory,W,vp_W,227.06774147351584,230.83475359280902,228.95124753316242,1,2025-10-10,2025-10-16 23:59:59.999999
"AAPL::support::237.5700::7.3075::avwap_D,vp_D,vp_W::D,W",AAPL,support,composite,"D,W","avwap_D,vp_D,vp_W",233.91889012003455,241.22526983896893,237.57207997950172,1,2025-10-10,2025-10-16 23:59:59.999999
"AAPL::resistance::255.1600::8.3375::avwap_D,vp_D,vp_W::D,W",AAPL,resistance,composite,"D,W","avwap_D,vp_D,vp_W",250.99230285970316,259.32901335716247,255.1606581084328,1,2025-10-17,2025-10-23 23:59:59.999999
AAPL::support::221.1850::3.8750::avwap_D::D,AAPL,support,cost,D,avwap_D,219.24879320064943,223.12435363946955,221.1865734200595,1,2025-10-17,2025-10-23 23:59:59.999999
"AAPL::support::238.2700::6.8950::avwap_D,vp_W::D,W",AAPL,support,composite,"D,W","avwap_D,vp_W",234.822380152196,241.7172437095642,238.2698119308801,1,2025-10-17,2025-10-23 23:59:59.999999
"AAPL::resistance::262.1300::5.4975::avwap_D,vp_D::D",AAPL,resistance,composite,D,"avwap_D,vp_D",259.38214201705733,264.87900015195214,262.1305710845047,1,2025-10-24,2025-10-30 23:59:59.999999
"AAPL::support::238.9450::8.7050::avwap_D,vp_W::D,W",AAPL,support,composite,"D,W","avwap_D,vp_W",234.59378109455108,243.29990069377698,238.94684089416404,1,2025-10-24,2025-10-30 23:59:59.999999
AAPL::support::247.8100::2.9100::vp_D::D,AAPL,support,inventory,D,vp_D,246.35263663132986,249.26237839857737,247.8075075149536,1,2025-10-24,2025-10-30 23:59:59.999999
"AAPL::support::256.2350::7.7350::vp_D,vp_W::D,W",AAPL,support,composite,"D,W","vp_D,vp_W",252.36575365225474,260.10044987042744,256.2331017613411,1,2025-10-24,2025-10-30 23:59:59.999999
AAPL::support::247.9600::4.3275::vp_D::D,AAPL,support,inventory,D,vp_D,245.79438341458638,250.12209124565123,247.9582373301188,1,2025-10-31,2025-11-06 23:59:59.999999
"AAPL::support::258.1850::14.8275::vp_D,vp_W::D,W",AAPL,support,composite,"D,W","vp_D,vp_W",250.77257941246032,265.600141954422,258.18636068344114,1,2025-10-31,2025-11-06 23:59:59.999999
AAPL::support::268.9050::3.3050::vp_D::D,AAPL,support,inventory,D,vp_D,267.2511199792226,270.55619839032494,268.9036591847738,1,2025-10-31,2025-11-06 23:59:59.999999
"AAPL::resistance::269.9000::6.9675::avwap_D,vp_D,vp_W::D,W",AAPL,resistance,composite,"D,W","avwap_D,vp_D,vp_W",266.418849995931,273.38511461893717,269.9019823074341,1,2025-11-07,2025-11-13 23:59:59.999999
"AAPL::support::247.8700::5.4300::avwap_D,vp_D::D",AAPL,support,composite,D,"avwap_D,vp_D",245.15592182481865,250.58595631917316,247.8709390719959,1,2025-11-07,2025-11-13 23:59:59.999999
AAPL::support::256.1750::9.6100::vp_W::W,AAPL,support,inventory,W,vp_W,251.3699606577555,260.9800454457601,256.1750030517578,1,2025-11-07,2025-11-13 23:59:59.999999
AAPL::support::262.9900::3.9950::vp_D::D,AAPL,support,inventory,D,vp_D,260.994631245931,264.9891334025065,262.99188232421875,1,2025-11-07,2025-11-13 23:59:59.999999
"AAPL::support::255.8000::6.7225::avwap_D,vp_W::D,W",AAPL,support,composite,"D,W","avwap_D,vp_W",252.43933128992717,259.16234056472774,255.80083592732746,1,2025-11-14,2025-11-20 23:59:59.999999
AAPL::support::263.2350::4.5100::vp_D::D,AAPL,support,inventory,D,vp_D,260.9788354563713,265.48930133104324,263.2340683937073,1,2025-11-14,2025-11-20 23:59:59.999999
"AAPL::support::270.4350::8.9650::avwap_D,vp_D,vp_W::D,W",AAPL,support,composite,"D,W","avwap_D,vp_D,vp_W",265.9511718988419,274.91592468420663,270.4335482915243,1,2025-11-14,2025-11-20 23:59:59.999999
"AAPL::resistance::270.3250::8.3625::avwap_D,vp_D,vp_W::D,W",AAPL,resistance,composite,"D,W","avwap_D,vp_D,vp_W",266.14535771687827,274.5068981043498,270.326127910614,1,2025-11-21,2025-11-30 23:59:59.999999
AAPL::support::245.3550::2.4525::avwap_D::D,AAPL,support,cost,D,avwap_D,244.12762461015063,246.58116857608178,245.3543965931162,1,2025-11-21,2025-11-30 23:59:59.999999
AAPL::support::249.3200::2.4925::avwap_D::D,AAPL,support,cost,D,avwap_D,248.07231086801667,250.56549992196656,249.31890539499162,1,2025-11-21,2025-11-30 23:59:59.999999
"AAPL::support::256.4250::5.4850::avwap_D,vp_W::D,W",AAPL,support,composite,"D,W","avwap_D,vp_W",253.6796752768443,259.165811398824,256.42274333783416,1,2025-11-21,2025-11-30 23:59:59.999999
"AAPL::support::248.8000::6.3875::avwap_D,avwap_W::D,W",AAPL,support,composite,"D,W","avwap_D,avwap_W",245.60887457503324,251.9960048901044,248.8024397325688,1,2025-12-01,2025-12-03 23:59:59.999999
AAPL::support::256.3550::2.5625::avwap_D::D,AAPL,support,cost,D,avwap_D,255.07313954750225,257.6366886886832,256.3549141180927,1,2025-12-01,2025-12-03 23:59:59.999999
"AAPL::support::272.2550::13.7475::avwap_D,vp_D,vp_W::D,W",AAPL,support,composite,"D,W","avwap_D,vp_D,vp_W",265.38107803344724,279.1279617983555,272.25451991590137,1,2025-12-01,2025-12-03 23:59:59.999999
"AAPL::support::249.9550::6.3825::avwap_D,avwap_W::D,W",AAPL,support,composite,"D,W","avwap_D,avwap_W",246.76178993307818,253.1433772252838,249.952583579181,1,2025-12-04,
AAPL::support::257.5400::2.5750::avwap_D::D,AAPL,support,cost,D,avwap_D,256.25426918231705,258.82968897309405,257.54197907770555,1,2025-12-04,
"AAPL::support::272.1500::13.7025::avwap_D,vp_D,vp_W::D,W",AAPL,support,composite,"D,W","avwap_D,vp_D,vp_W",265.2992460536957,279.0007455539703,272.149995803833,1,2025-12-04,
"AMZN::support::207.6750::14.9000::avwap_D,vp_D,vp_W::D,W",AMZN,support,composite,"D,W","avwap_D,vp_D,vp_W",200.22362680673598,215.12285999298095,207.67324339985845,1,2025-06-17,2025-06-24 23:59:59.999999
AMZN::resistance::214.8900::6.5975::vp_D::D,AMZN,resistance,inventory,D,vp_D,211.59081070899964,218.18821025848388,214.88951048374176,1,2025-06-25,2025-07-01 23:59:59.999999
"AMZN::support::208.3250::13.6000::avwap_D,vp_D,vp_W::D,W",AMZN,support,composite,"D,W","avwap_D,vp_D,vp_W",201.52296825408936,215.12285999298095,208.32291412353516,1,2025-06-25,2025-07-01 23:59:59.999999
AMZN::resistance::220.5000::2.2050::avwap_D::D,AMZN,resistance,cost,D,avwap_D,219.39949817114126,221.60451825326328,220.50200821220227,1,2025-07-02,2025-07-09 23:59:59.999999
AMZN::support::205.4250::4.2175::vp_W::W,AMZN,support,inventory,W,vp_W,203.31538345972697,207.53379612604778,205.4245897928874,1,2025-07-02,2025-07-09 23:59:59.999999
"AMZN::support::214.5000::12.9725::avwap_D,vp_D,vp_W::D,W",AMZN,support,composite,"D,W","avwap_D,vp_D,vp_W",208.0133324364755,220.98635504245757,214.49984373946654,1,2025-07-02,2025-07-09 23:59:59.999999
AMZN::resistance::222.8750::2.9350::vp_D::D,AMZN,resistance,inventory,D,vp_D,221.40687984466553,224.3431252415975,222.87500254313153,1,2025-07-10,2025-07-16 23:59:59.999999
AMZN::support::205.0100::3.1525::vp_W::W,AMZN,support,inventory,W,vp_W,203.43494871934254,206.58672321160634,205.01083596547443,1,2025-07-10,2025-07-16 23:59:59.999999
"AMZN::support::216.7800::15.0325::avwap_D,vp_D,vp_W::D,W",AMZN,support,composite,"D,W","avwap_D,vp_D,vp_W",209.26548848521233,224.29876045862835,216.78212447192033,1,2025-07-10,2025-07-16 23:59:59.999999
AMZN::resistance::225.0150::2.2500::avwap_D::D,AMZN,resistance,cost,D,avwap_D,223.88774528012763,226.13787337339525,225.01280932676144,1,2025-07-17,2025-07-23 23:59:59.999999
"AMZN::support::213.2950::6.1425::avwap_D,vp_W::D,W",AMZN,support,composite,"D,W","avwap_D,vp_W",210.22431531906128,216.36565789412305,213.29498660659215,1,2025-07-17,2025-07-23 23:59:59.999999
"AMZN::support::222.6950::8.8800::avwap_D,vp_D,vp_W::D,W",AMZN,support,composite,"D,W","avwap_D,vp_D,vp_W",218.25573125839233,227.13598983128867,222.6958605448405,1,2025-07-17,2025-07-23 23:59:59.999999
"AMZN::support::214.1550::6.8650::avwap_D,vp_W::D,W",AMZN,support,composite,"D,W","avwap_D,vp_W",210.72203680674235,217.58802816400953,214.15503248537595,1,2025-07-24,2025-07-30 23:59:59.999999
"AMZN::support::223.6850::10.8900::avwap_D,vp_D,vp_W::D,W",AMZN,support,composite,"D,W","avwap_D,vp_D,vp_W",218.2403160317739,229.1301344422721,223.685225237023,1,2025-07-24,2025-07-30 23:59:59.999999
AMZN::resistance::231.8900::2.3200::avwap_D::D,AMZN,resistance,cost,D,avwap_D,230.7285525211752,233.04743244601113,231.88799248359317,1,2025-07-31,2025-08-06 23:59:59.999999
"AMZN::support::215.0100::7.9725::avwap_D,vp_W::D,W",AMZN,support,composite,"D,W","avwap_D,vp_W",211.0252292251587,218.99759475420123,215.01141198967997,1,2025-07-31,2025-08-06 23:59:59.999999
"AMZN::support::226.2400::13.7975::avwap_D,vp_D,vp_W::D,W",AMZN,support,composite,"D,W","avwap_D,vp_D,vp_W",219.34234139124553,233.14042009512582,226.2413807431857,1,2025-07-31,2025-08-06 23:59:59.999999
AMZN::resistance::227.6350::11.6925::vp_D::D,AMZN,resistance,inventory,D,vp_D,221.79056408087413,233.48318304538728,227.6368735631307,1,2025-08-07,2025-08-13 23:59:59.999999
"AMZN::support::214.9350::5.2225::avwap_D,vp_D,vp_W::D,W",AMZN,support,composite,"D,W","avwap_D,vp_D,vp_W",212.32442282358804,217.54780811604326,214.93611546981566,1,2025-08-07,2025-08-13 23:59:59.999999
"AMZN::support::221.9200::7.0900::avwap_D,vp_W::D,W",AMZN,support,composite,"D,W","avwap_D,vp_W",218.37539807637535,225.46459826151528,221.9199981689453,1,2025-08-07,2025-08-13 23:59:59.999999
AMZN::resistance::227.9000::2.8025::vp_D::D,AMZN,resistance,inventory,D,vp_D,226.49738138278326,229.2994907561938,227.89843606948853,1,2025-08-14,2025-08-20 23:59:59.999999
AMZN::resistance::231.8200::3.3650::vp_D::D,AMZN,resistance,inventory,D,vp_D,230.13963928381602,233.5041080458959,231.82187366485596,1,2025-08-14,2025-08-20 23:59:59.999999
"AMZN::support::220.1150::15.5775::avwap_D,vp_D,vp_W::D,W",AMZN,support,composite,"D,W","avwap_D,vp_D,vp_W",212.3274665737152,227.90568586349488,220.11657621860505,1,2025-08-14,2025-08-20 23:59:59.999999
AMZN::resistance::225.1900::2.2525::avwap_D::D,AMZN,resistance,cost,D,avwap_D,224.06392726228978,226.31582602874494,225.18987664551736,1,2025-08-21,2025-08-27 23:59:59.999999
"AMZN::resistance::231.5600::4.9300::vp_D,vp_W::D,W",AMZN,resistance,composite,"D,W","vp_D,vp_W",229.09469707091648,234.02592524607977,231.5603111584981,1,2025-08-21,2025-08-27 23:59:59.999999
"AMZN::support::215.8500::5.7725::avwap_D,vp_D::D",AMZN,support,composite,D,"avwap_D,vp_D",212.9615216787656,218.73356390908162,215.8475427939236,1,2025-08-21,2025-08-27 23:59:59.999999
"AMZN::support::222.4050::7.4550::avwap_D,vp_D,vp_W::D,W",AMZN,support,composite,"D,W","avwap_D,vp_D,vp_W",218.67797025521597,226.13327661673227,222.40562343597412,1,2025-08-21,2025-08-27 23:59:59.999999
"AMZN::support::216.0400::6.1550::avwap_D,vp_D::D",AMZN,support,composite,D,"avwap_D,vp_D",212.9615216787656,219.11703720887544,216.03927944382053,1,2025-08-28,2025-09-04 23:59:59.999999
"AMZN::support::226.5900::13.7750::avwap_D,vp_D,vp_W::D,W",AMZN,support,composite,"D,W","avwap_D,vp_D,vp_W",219.70329528013866,233.4779517952601,226.5906235376994,1,2025-08-28,2025-09-04 23:59:59.999999
AMZN::support::218.0800::3.3800::avwap_D::D,AMZN,support,cost,D,avwap_D,216.38894871291373,219.76892931719837,218.07893901505605,1,2025-09-05,2025-09-11 23:59:59.999999
"AMZN::support::226.7550::13.4550::avwap_D,vp_D,vp_W::D,W",AMZN,support,composite,"D,W","avwap_D,vp_D,vp_W",220.02559485435486,233.4805674203237,226.75308113733928,1,2025-09-05,2025-09-11 23:59:59.999999
"AMZN::resistance::230.2800::8.0175::avwap_D,vp_D,vp_W::D,W",AMZN,resistance,composite,"D,W","avwap_D,vp_D,vp_W",226.26944548765817,234.28681176026663,230.2781286239624,1,2025-09-12,2025-09-18 23:59:59.999999
AMZN::support::222.2800::3.3650::vp_W::W,AMZN,support,inventory,W,vp_W,220.59486259619396,223.96055668989817,222.27770964304608,1,2025-09-12,2025-09-18 23:59:59.999999
AMZN::support::225.1850::2.2525::avwap_D::D,AMZN,support,cost,D,avwap_D,224.06068749979346,226.31255370582153,225.1866206028075,1,2025-09-12,2025-09-18 23:59:59.999999
AMZN::support::227.9200::2.2800::avwap_D::D,AMZN,support,cost,D,avwap_D,226.77875680309504,229.05794028855328,227.91834854582416,1,2025-09-12,2025-09-18 23:59:59.999999
"AMZN::resistance::231.7800::9.5825::avwap_D,vp_D,vp_W::D,W",AMZN,resistance,composite,"D,W","avwap_D,vp_D,vp_W",226.9869478368759,236.56826799869538,231.77760791778564,1,2025-09-19,2025-09-25 23:59:59.999999
"AMZN::support::220.9200::6.0850::avwap_D,vp_W::D,W",AMZN,support,composite,"D,W","avwap_D,vp_W",217.8764833975511,223.96055668989817,220.91852004372464,1,2025-09-19,2025-09-25 23:59:59.999999
AMZN::support::226.0350::2.2600::avwap_D::D,AMZN,support,cost,D,avwap_D,224.90622382887145,227.16658788745306,226.03640585816225,1,2025-09-19,2025-09-25 23:59:59.999999
AMZN::support::228.5000::2.2850::avwap_D::D,AMZN,support,cost,D,avwap_D,227.3563458354407,229.6413342357969,228.4988400356188,1,2025-09-19,2025-09-25 23:59:59.999999
"AMZN::resistance::221.1650::5.5925::avwap_D,vp_W::D,W",AMZN,resistance,composite,"D,W","avwap_D,vp_W",218.36741302284278,223.96055668989817,221.16398485637046,1,2025-09-26,2025-10-02 23:59:59.999999
"AMZN::resistance::230.7800::11.9425::avwap_D,vp_D,vp_W::D,W",AMZN,resistance,composite,"D,W","avwap_D,vp_D,vp_W",224.80630768999094,236.74903354008993,230.77767061504045,1,2025-09-26,2025-10-02 23:59:59.999999
"AMZN::resistance::229.2950::10.2350::avwap_D,vp_D,vp_W::D,W",AMZN,resistance,composite,"D,W","avwap_D,vp_D,vp_W",224.17911049444425,234.41312053044638,229.2961155124453,1,2025-10-03,2025-10-09 23:59:59.999999
"AMZN::support::220.7900::4.7575::avwap_D,vp_D,vp_W::D,W",AMZN,support,composite,"D,W","avwap_D,vp_D,vp_W",218.41375612221788,223.17066495259604,220.79221053740696,1,2025-10-03,2025-10-09 23:59:59.999999
"AMZN::resistance::230.2850::6.0900::vp_D,vp_W::D,W",AMZN,resistance,composite,"D,W","vp_D,vp_W",227.24175064722698,233.33213697433473,230.28694381078085,1,2025-10-10,2025-10-16 23:59:59.999999
"AMZN::support::220.8100::5.9675::avwap_D,vp_D,vp_W::D,W",AMZN,support,composite,"D,W","avwap_D,vp_D,vp_W",217.82375380833943,223.79213216781616,220.8079429880778,1,2025-10-10,2025-10-16 23:59:59.999999
AMZN::support::225.7200::3.6125::avwap_D::D,AMZN,support,cost,D,avwap_D,223.91436023152096,227.52589095082922,225.72012559117508,1,2025-10-10,2025-10-16 23:59:59.999999
"AMZN::resistance::221.0300::10.9475::avwap_D,vp_D,vp_W::D,W",AMZN,resistance,composite,"D,W","avwap_D,vp_D,vp_W",215.55704728444417,226.5044528148674,221.03075004965578,1,2025-10-17,2025-10-23 23:59:59.999999
AMZN::resistance::231.1950::6.6875::vp_W::W,AMZN,resistance,inventory,W,vp_W,227.85028732299804,234.5372248840332,231.19375610351562,1,2025-10-17,2025-10-23 23:59:59.999999
AMZN::resistance::224.0000::3.5950::avwap_D::D,AMZN,resistance,cost,D,avwap_D,222.2012277626397,225.79652565543523,223.99887670903746,1,2025-10-24,2025-10-30 23:59:59.999999
AMZN::resistance::231.3200::5.7900::vp_W::W,AMZN,resistance,inventory,W,vp_W,228.42588905970254,234.2165441830953,231.32121662139892,1,2025-10-24,2025-10-30 23:59:59.999999
"AMZN::support::220.0850::7.2725::avwap_D,vp_D,vp_W::D,W",AMZN,support,composite,"D,W","avwap_D,vp_D,vp_W",216.4515057805947,223.72318517049152,220.0873454755431,1,2025-10-24,2025-10-30 23:59:59.999999
"AMZN::resistance::224.9850::13.8050::avwap_D,vp_D,vp_W::D,W",AMZN,resistance,composite,"D,W","avwap_D,vp_D,vp_W",218.08109208106995,231.886618569692,224.98385532538097,1,2025-10-31,2025-11-06 23:59:59.999999
"AMZN::support::220.5900::8.5900::avwap_D,vp_D,vp_W::D,W",AMZN,support,composite,"D,W","avwap_D,vp_D,vp_W",216.29445155620573,224.8852500597636,220.58985080798465,1,2025-10-31,2025-11-06 23:59:59.999999
"AMZN::resistance::248.5600::8.1675::avwap_D,vp_D::D",AMZN,resistance,composite,D,"avwap_D,vp_D",244.4779697227478,252.64495719214403,248.5614634574459,1,2025-11-07,2025-11-13 23:59:59.999999
"AMZN::support::222.9350::22.0475::avwap_D,vp_D,vp_W::D,W",AMZN,support,composite,"D,W","avwap_D,vp_D,vp_W",211.90985793749493,233.95744172414143,222.93364983081818,1,2025-11-07,2025-11-13 23:59:59.999999
"AMZN::resistance::247.2050::9.4100::avwap_D,vp_D::D",AMZN,resistance,composite,D,"avwap_D,vp_D",242.49836368878684,251.90768667538958,247.2030251820882,1,2025-11-14,2025-11-20 23:59:59.999999
"AMZN::support::224.9200::18.1150::avwap_D,vp_D,vp_W::D,W",AMZN,support,composite,"D,W","avwap_D,vp_D,vp_W",215.86163719177247,233.97575989938596,224.91869854557922,1,2025-11-14,2025-11-20 23:59:59.999999
"AMZN::resistance::223.8450::15.9600::avwap_D,vp_D,vp_W::D,W",AMZN,resistance,composite,"D,W","avwap_D,vp_D,vp_W",215.86659240086874,231.82718384981155,223.84688812534014,1,2025-11-21,2025-11-30 23:59:59.999999
AMZN::resistance::240.4300::3.6675::avwap_D::D,AMZN,resistance,cost,D,avwap_D,238.5968218522042,242.2644041681115,240.43061301015786,1,2025-11-21,2025-11-30 23:59:59.999999
"AMZN::resistance::247.6650::8.5100::vp_D,vp_W::D,W",AMZN,resistance,composite,"D,W","vp_D,vp_W",243.41035795370738,251.9200746981303,247.66521632591883,1,2025-11-21,2025-11-30 23:59:59.999999
"AMZN::resistance::236.4050::5.2000::avwap_D,avwap_W::D,W",AMZN,resistance,composite,"D,W","avwap_D,avwap_W",233.80540823543706,239.00501857985347,236.40521340764525,1,2025-12-01,2025-12-03 23:59:59.999999
AMZN::resistance::250.0050::14.2600::vp_D::D,AMZN,resistance,inventory,D,vp_D,242.87663598537446,257.1362875731786,250.00646177927655,1,2025-12-01,2025-12-03 23:59:59.999999
"AMZN::support::223.7850::15.8475::avwap_D,avwap_W,vp_D,vp_W::D,W",AMZN,support,composite,"D,W","avwap_D,avwap_W,vp_D,vp_W",215.86163719177247,231.70844220956167,223.78503970066708,1,2025-12-01,2025-12-03 23:59:59.999999
"AMZN::resistance::236.1500::4.9275::avwap_D,avwap_W::D,W",AMZN,resistance,composite,"D,W","avwap_D,avwap_W",233.68579505537542,238.61230252534543,236.14904879036044,1,2025-12-04,
"AMZN::resistance::248.6900::6.4500::vp_D,vp_W::D,W",AMZN,resistance,composite,"D,W","vp_D,vp_W",245.4640563329061,251.915119489034,248.68958791097003,1,2025-12-04,
"AMZN::support::226.3900::21.0450::avwap_D,avwap_W,vp_D,vp_W::D,W",AMZN,support,composite,"D,W","avwap_D,avwap_W,vp_D,vp_W",215.86659240086874,236.91223271369935,226.38941255728406,1,2025-12-04,
"JPM::support::265.1600::8.5900::avwap_D,vp_D,vp_W::D,W",JPM,support,composite,"D,W","avwap_D,vp_D,vp_W",260.8630862967173,269.4535749721527,265.158330634435,1,2025-06-17,2025-06-24 23:59:59.999999
"JPM::support::264.3600::11.1125::avwap_D,vp_D,vp_W::D,W",JPM,support,composite,"D,W","avwap_D,vp_D,vp_W",258.8015400536855,269.9151207637787,264.3583304087321,1,2025-06-25,2025-07-01 23:59:59.999999
JPM::support::274.5450::3.2125::vp_D::D,JPM,support,inventory,D,vp_D,272.9403892596563,276.15262513955435,274.54650719960534,1,2025-06-25,2025-07-01 23:59:59.999999
"JPM::support::268.1350::17.7625::avwap_D,vp_D,vp_W::D,W",JPM,support,composite,"D,W","avwap_D,vp_D,vp_W",259.2554367446899,277.01817013422647,268.13680343945816,1,2025-07-02,2025-07-09 23:59:59.999999
"JPM::support::288.6500::6.2175::avwap_D,vp_D::D",JPM,support,composite,D,"avwap_D,vp_D",285.54003832976025,291.75812796274823,288.64908314625427,1,2025-07-02,2025-07-09 23:59:59.999999
"JPM::resistance::288.0950::10.4925::avwap_D,vp_D,vp_W::D,W",JPM,resistance,composite,"D,W","avwap_D,vp_D,vp_W",282.84902035228976,293.3420181322098,288.0955192422498,1,2025-07-10,2025-07-16 23:59:59.999999
"JPM::support::269.3750::15.9450::avwap_D,vp_D,vp_W::D,W",JPM,support,composite,"D,W","avwap_D,vp_D,vp_W",261.40283232371013,277.34734705319335,269.37508968845174,1,2025-07-10,2025-07-16 23:59:59.999999
JPM::support::282.5100::4.9100::vp_D::D,JPM,support,inventory,D,vp_D,280.05681210041047,284.9663030576706,282.5115575790405,1,2025-07-10,2025-07-16 23:59:59.999999
"JPM::resistance::288.1600::10.4450::avwap_D,vp_D,vp_W::D,W",JPM,resistance,composite,"D,W","avwap_D,vp_D,vp_W",282.93686701774595,293.3822492345174,288.1595581261317,1,2025-07-17,2025-07-23 23:59:59.999999
JPM::support::265.5750::7.1675::vp_W::W,JPM,support,inventory,W,vp_W,261.9896316432953,269.15661240577697,265.57312202453613,1,2025-07-17,2025-07-23 23:59:59.999999
JPM::support::275.6750::6.6725::avwap_D::D,JPM,support,cost,D,avwap_D,272.3411119904827,279.0124448874409,275.67677843896183,1,2025-07-17,2025-07-23 23:59:59.999999
JPM::support::282.5200::5.1775::vp_D::D,JPM,support,inventory,D,vp_D,279.93306438446047,285.11178075154623,282.5224225680033,1,2025-07-17,2025-07-23 23:59:59.999999
JPM::support::265.6600::4.1850::vp_W::W,JPM,support,inventory,W,vp_W,263.56670082728067,267.7516254870097,265.65916315714514,1,2025-07-24,2025-07-30 23:59:59.999999
JPM::support::277.2900::6.6825::avwap_D::D,JPM,support,cost,D,avwap_D,273.9468906741209,280.6287868561663,277.2878387651436,1,2025-07-24,2025-07-30 23:59:59.999999
"JPM::support::288.5850::10.5275::avwap_D,vp_D,vp_W::D,W",JPM,support,composite,"D,W","avwap_D,vp_D,vp_W",283.320405216217,293.8479119427999,288.5841585795084,1,2025-07-24,2025-07-30 23:59:59.999999
JPM::support::280.8900::2.8100::avwap_D::D,JPM,support,cost,D,avwap_D,279.48786451426105,282.2967877757109,280.892326144986,1,2025-07-31,2025-08-06 23:59:59.999999
"JPM::support::289.0050::13.6775::avwap_D,vp_D,vp_W::D,W",JPM,support,composite,"D,W","avwap_D,vp_D,vp_W",282.1653506978353,295.8426394126054,289.00399505522034,1,2025-07-31,2025-08-06 23:59:59.999999
"JPM::support::298.0350::4.3300::avwap_D,vp_D::D",JPM,support,composite,D,"avwap_D,vp_D",295.8686884212494,300.19917501486594,298.03393171805766,1,2025-07-31,2025-08-06 23:59:59.999999
JPM::resistance::294.0550::3.4625::avwap_D::D,JPM,resistance,cost,D,avwap_D,292.32442611875393,295.7874874597806,294.05595678926727,1,2025-08-07,2025-08-13 23:59:59.999999
JPM::resistance::297.8650::3.7400::vp_D::D,JPM,resistance,inventory,D,vp_D,295.99271455128985,299.73355803171796,297.8631362915039,1,2025-08-07,2025-08-13 23:59:59.999999
JPM::support::278.8500::3.8950::avwap_D::D,JPM,support,cost,D,avwap_D,276.90083191912765,280.79497511786235,278.847903518495,1,2025-08-07,2025-08-13 23:59:59.999999
"JPM::support::288.3750::11.4950::avwap_D,vp_D,vp_W::D,W",JPM,support,composite,"D,W","avwap_D,vp_D,vp_W",282.6281322860718,294.1218829727173,288.37500762939453,1,2025-08-07,2025-08-13 23:59:59.999999
"JPM::resistance::291.2500::7.3750::avwap_D,vp_D::D",JPM,resistance,composite,D,"avwap_D,vp_D",287.56283891677856,294.9386182975769,291.25072860717773,1,2025-08-14,2025-08-20 23:59:59.999999
JPM::resistance::297.9450::3.7225::vp_D::D,JPM,resistance,inventory,D,vp_D,296.083969224294,299.8073042742412,297.9456367492676,1,2025-08-14,2025-08-20 23:59:59.999999
JPM::support::279.5900::3.8575::avwap_D::D,JPM,support,cost,D,avwap_D,277.6619730551533,281.52016287238,279.59106796376665,1,2025-08-14,2025-08-20 23:59:59.999999
"JPM::support::289.1300::10.1875::avwap_D,vp_W::D,W",JPM,support,composite,"D,W","avwap_D,vp_W",284.0385043207804,294.22482677459715,289.1316655476888,1,2025-08-14,2025-08-20 23:59:59.999999
JPM::resistance::292.5850::3.1800::avwap_D::D,JPM,resistance,cost,D,avwap_D,290.9951705633276,294.1744225779818,292.5847965706547,1,2025-08-21,2025-08-27 23:59:59.999999
JPM::resistance::297.9200::4.0450::vp_D::D,JPM,resistance,inventory,D,vp_D,295.8949554665884,299.9400982952118,297.9175268809001,1,2025-08-21,2025-08-27 23:59:59.999999
JPM::support::280.2300::3.8300::avwap_D::D,JPM,support,cost,D,avwap_D,278.3151238453014,282.1459010460895,280.23051244569547,1,2025-08-21,2025-08-27 23:59:59.999999
"JPM::support::290.8000::8.1525::avwap_D,vp_D,vp_W::D,W",JPM,support,composite,"D,W","avwap_D,vp_D,vp_W",286.723501663208,294.8765044403076,290.8000030517578,2,2025-08-21,2025-09-04 23:59:59.999999
JPM::support::281.0350::3.8125::avwap_D::D,JPM,support,cost,D,avwap_D,279.1288912946729,282.9409989075944,281.03494510113364,1,2025-08-28,2025-09-04 23:59:59.999999
JPM::support::281.9900::3.8025::avwap_D::D,JPM,support,cost,D,avwap_D,280.0879263217471,283.89120208837306,281.9895642050601,1,2025-09-05,2025-09-11 23:59:59.999999
"JPM::support::293.7400::13.6550::avwap_D,vp_D,vp_W::D,W",JPM,support,composite,"D,W","avwap_D,vp_D,vp_W",286.9120242245992,300.5681406847636,293.7400824546814,1,2025-09-05,2025-09-11 23:59:59.999999
JPM::support::282.9400::3.7850::avwap_D::D,JPM,support,cost,D,avwap_D,281.04620676514594,284.8309289209894,282.93856784306763,1,2025-09-12,2025-09-18 23:59:59.999999
"JPM::support::295.6400::13.1850::avwap_D,vp_D,vp_W::D,W",JPM,support,composite,"D,W","avwap_D,vp_D,vp_W",289.04865775744116,302.2331123510997,295.6408850542704,1,2025-09-12,2025-09-18 23:59:59.999999
JPM::support::291.5400::5.3475::vp_W::W,JPM,support,inventory,W,vp_W,288.8656261444092,294.21436042785643,291.5399932861328,1,2025-09-19,2025-09-25 23:59:59.999999
"JPM::support::299.4100::11.8725::avwap_D,vp_D,vp_W::D,W",JPM,support,composite,"D,W","avwap_D,vp_D,vp_W",293.4752505016327,305.3480343614312,299.41164243153196,1,2025-09-19,2025-09-25 23:59:59.999999
JPM::support::309.1950::3.5925::vp_D::D,JPM,support,inventory,D,vp_D,307.40011763095856,310.99139810085296,309.19575786590576,1,2025-09-19,2025-09-25 23:59:59.999999
JPM::resistance::313.7650::3.1375::avwap_D::D,JPM,resistance,cost,D,avwap_D,312.1948760587705,315.3325130040848,313.76369453142763,1,2025-09-26,2025-10-02 23:59:59.999999
JPM::support::286.3300::3.8000::avwap_D::D,JPM,support,cost,D,avwap_D,284.43088251141324,288.2297124062501,286.33029745883164,1,2025-09-26,2025-10-02 23:59:59.999999
"JPM::support::295.4650::13.8100::avwap_D,vp_D,vp_W::D,W",JPM,support,composite,"D,W","avwap_D,vp_D,vp_W",288.55826985677083,302.36951262315114,295.46389123996096,1,2025-09-26,2025-10-02 23:59:59.999999
"JPM::support::310.7550::9.5325::avwap_D,vp_D,vp_W::D,W",JPM,support,composite,"D,W","avwap_D,vp_D,vp_W",305.9871898961985,315.52077117919924,310.7539805376989,1,2025-09-26,2025-10-02 23:59:59.999999
"JPM::resistance::312.2000::10.3175::avwap_D,vp_D,vp_W::D,W",JPM,resistance,composite,"D,W","avwap_D,vp_D,vp_W",307.0388097349803,317.356831591924,312.19782066345215,1,2025-10-03,2025-10-09 23:59:59.999999
"JPM::support::289.7600::7.9950::avwap_D,vp_W::D,W",JPM,support,composite,"D,W","avwap_D,vp_W",285.76091105777675,293.7567526181539,289.7588318379653,1,2025-10-03,2025-10-09 23:59:59.999999
JPM::support::300.7200::4.3625::avwap_D::D,JPM,support,cost,D,avwap_D,298.5372833781864,302.89992808874837,300.71860573346737,1,2025-10-03,2025-10-09 23:59:59.999999
"JPM::resistance::311.2600::11.4950::avwap_D,vp_D,vp_W::D,W",JPM,resistance,composite,"D,W","avwap_D,vp_D,vp_W",305.51177309036257,317.00637056350706,311.2590718269348,1,2025-10-10,2025-10-16 23:59:59.999999
JPM::support::288.4500::3.7900::avwap_D::D,JPM,support,cost,D,avwap_D,286.5540071827235,290.3448923438789,288.44944976330123,1,2025-10-10,2025-10-16 23:59:59.999999
JPM::support::301.2700::4.3750::avwap_D::D,JPM,support,cost,D,avwap_D,299.0815356880374,303.4557893980926,301.268662543065,1,2025-10-10,2025-10-16 23:59:59.999999
JPM::resistance::301.6050::4.2800::avwap_D::D,JPM,resistance,cost,D,avwap_D,299.46340826559924,303.74330708572495,301.6033576756621,1,2025-10-17,2025-10-23 23:59:59.999999
"JPM::resistance::310.4450::12.3150::avwap_D,vp_D,vp_W::D,W",JPM,resistance,composite,"D,W","avwap_D,vp_D,vp_W",304.28632303873695,316.6015054241816,310.4439142314593,1,2025-10-17,2025-10-23 23:59:59.999999
JPM::support::289.4100::3.7675::avwap_D::D,JPM,support,cost,D,avwap_D,287.52455037260864,291.2921989876124,289.4083746801105,1,2025-10-17,2025-10-23 23:59:59.999999
JPM::resistance::301.2900::4.1300::avwap_D::D,JPM,resistance,cost,D,avwap_D,299.22360371377846,303.3541724375917,301.2888880756851,1,2025-10-24,2025-10-30 23:59:59.999999
"JPM::resistance::308.0050::13.9525::avwap_D,vp_D,vp_W::D,W",JPM,resistance,composite,"D,W","avwap_D,vp_D,vp_W",301.0279983011882,314.9816658592224,308.0048320802053,1,2025-10-24,2025-10-30 23:59:59.999999
JPM::support::289.7150::3.7450::avwap_D::D,JPM,support,cost,D,avwap_D,287.8438230404194,291.58764193924134,289.7157324898304,1,2025-10-24,2025-10-30 23:59:59.999999
JPM::support::290.2200::3.7325::avwap_D::D,JPM,support,cost,D,avwap_D,288.3553453922913,292.0866275550278,290.22098647365954,1,2025-10-31,2025-11-06 23:59:59.999999
"JPM::support::306.6400::14.3875::avwap_D,vp_D,vp_W::D,W",JPM,support,composite,"D,W","avwap_D,vp_D,vp_W",299.4449978503862,313.8313595581055,306.63817870424583,1,2025-10-31,2025-11-06 23:59:59.999999
JPM::support::291.2350::3.0950::avwap_D::D,JPM,support,cost,D,avwap_D,289.6882868552853,292.78444677410664,291.236366814696,1,2025-11-07,2025-11-13 23:59:59.999999
"JPM::support::307.4800::15.0050::avwap_D,vp_D,vp_W::D,W",JPM,support,composite,"D,W","avwap_D,vp_D,vp_W",299.976604947226,314.9816658592224,307.4791354032242,1,2025-11-07,2025-11-13 23:59:59.999999
JPM::resistance::311.0200::7.0725::vp_D::D,JPM,resistance,inventory,D,vp_D,307.48439454396566,314.557755317688,311.02107493082684,1,2025-11-14,2025-11-20 23:59:59.999999
JPM::resistance::316.6150::3.1650::avwap_D::D,JPM,resistance,cost,D,avwap_D,315.0325739874282,318.1987305099149,316.61565224867155,1,2025-11-14,2025-11-20 23:59:59.999999
"JPM::support::303.7500::21.5875::avwap_D,vp_D,vp_W::D,W",JPM,support,composite,"D,W","avwap_D,vp_D,vp_W",292.95780672809514,314.5464400100708,303.75212336908294,1,2025-11-14,2025-11-20 23:59:59.999999
"JPM::resistance::307.1950::14.2300::avwap_D,vp_D,vp_W::D,W",JPM,resistance,composite,"D,W","avwap_D,vp_D,vp_W",300.0823218631744,314.3123585160574,307.1973401896159,1,2025-11-21,2025-11-30 23:59:59.999999
JPM::support::294.7200::2.9475::avwap_D::D,JPM,support,cost,D,avwap_D,293.2479966397274,296.19521268635776,294.72160466304257,1,2025-11-21,2025-11-30 23:59:59.999999
JPM::support::292.2800::4.0675::avwap_W::W,JPM,support,cost,W,avwap_W,290.2452871052686,294.3133725497831,292.2793298275258,1,2025-12-01,2025-12-03 23:59:59.999999
"JPM::support::304.8850::19.4400::avwap_D,avwap_W,vp_D,vp_W::D,W",JPM,support,composite,"D,W","avwap_D,avwap_W,vp_D,vp_W",295.1655298016039,314.6045446856817,304.8850372436428,1,2025-12-01,2025-12-03 23:59:59.999999
JPM::support::292.6450::4.0600::avwap_W::W,JPM,support,cost,W,avwap_W,290.6160891287142,294.67577190352574,292.64593051611996,1,2025-12-04,
"JPM::support::305.0300::19.1425::avwap_D,avwap_W,vp_D,vp_W::D,W",JPM,support,composite,"D,W","avwap_D,avwap_W,vp_D,vp_W",295.46011484059926,314.60301135698955,305.03156309879444,1,2025-12-04,
"MSFT::support::460.6000::26.3550::avwap_D,vp_D,vp_W::D,W",MSFT,support,composite,"D,W","avwap_D,vp_D,vp_W",447.4229917907715,473.7776926294963,460.60034221013393,1,2025-06-17,2025-06-24 23:59:59.999999
"MSFT::support::460.1000::27.0975::avwap_D,vp_D,vp_W::D,W",MSFT,support,composite,"D,W","avwap_D,vp_D,vp_W",446.55006018638613,473.64875968933103,460.0994099378586,1,2025-06-25,2025-07-01 23:59:59.999999
"MSFT::support::479.7250::10.9825::avwap_D,vp_D,vp_W::D,W",MSFT,support,composite,"D,W","avwap_D,vp_D,vp_W",474.23198019981385,485.2139764718238,479.7229783358188,1,2025-06-25,2025-07-01 23:59:59.999999
"MSFT::resistance::497.0200::7.4650::avwap_D,vp_D::D",MSFT,resistance,composite,D,"avwap_D,vp_D",493.2876872301102,500.7514954328537,497.01959133148193,1,2025-07-02,2025-07-09 23:59:59.999999
MSFT::support::455.0250::14.7125::vp_W::W,MSFT,support,inventory,W,vp_W,447.66820893605546,462.38179411570235,455.0250015258789,1,2025-07-02,2025-07-09 23:59:59.999999
"MSFT::support::474.0950::18.2225::avwap_D,vp_D,vp_W::D,W",MSFT,support,composite,"D,W","avwap_D,vp_D,vp_W",464.9814214910721,483.2047769562403,474.0930992236562,1,2025-07-02,2025-07-09 23:59:59.999999
"MSFT::support::490.9650::6.2150::avwap_D,vp_D::D",MSFT,support,composite,D,"avwap_D,vp_D",487.85795152639986,494.07277051766715,490.9653610220335,1,2025-07-02,2025-07-09 23:59:59.999999
MSFT::support::458.5550::9.4075::vp_W::W,MSFT,support,inventory,W,vp_W,453.85097803751626,463.2590276590983,458.55500284830725,1,2025-07-10,2025-07-16 23:59:59.999999
"MSFT::support::475.1300::15.0325::avwap_D,vp_D,vp_W::D,W",MSFT,support,composite,"D,W","avwap_D,vp_D,vp_W",467.6140236012909,482.64547602335614,475.12974981232355,1,2025-07-10,2025-07-16 23:59:59.999999
"MSFT::support::494.8800::14.3000::avwap_D,vp_D,vp_W::D,W",MSFT,support,composite,"D,W","avwap_D,vp_D,vp_W",487.7311655394236,502.0319243876139,494.88154496351876,1,2025-07-10,2025-07-16 23:59:59.999999
MSFT::support::459.7250::9.0125::vp_W::W,MSFT,support,inventory,W,vp_W,455.21928466796874,464.23237548828126,459.725830078125,1,2025-07-17,2025-07-23 23:59:59.999999
"MSFT::support::477.1050::13.5975::avwap_D,vp_D,vp_W::D,W",MSFT,support,composite,"D,W","avwap_D,vp_D,vp_W",470.3062423665124,483.9034488636881,477.1048456151002,1,2025-07-17,2025-07-23 23:59:59.999999
"MSFT::support::497.4600::20.5100::avwap_D,vp_D,vp_W::D,W",MSFT,support,composite,"D,W","avwap_D,vp_D,vp_W",487.2036211204529,507.7125620155624,497.45809156800766,1,2025-07-17,2025-07-23 23:59:59.999999
"MSFT::resistance::509.4800::7.8550::avwap_D,vp_D::D",MSFT,resistance,composite,D,"avwap_D,vp_D",505.5534515513569,513.4086810302734,509.4810662908152,1,2025-07-24,2025-07-30 23:59:59.999999
"MSFT::support::480.0650::13.6300::avwap_D,vp_W::D,W",MSFT,support,composite,"D,W","avwap_D,vp_W",473.2524628705724,486.88231489307634,480.0673888818244,1,2025-07-24,2025-07-30 23:59:59.999999
"MSFT::support::499.0000::19.0400::avwap_D,vp_D,vp_W::D,W",MSFT,support,composite,"D,W","avwap_D,vp_D,vp_W",489.48144890785215,508.5219628620148,499.0017058849335,1,2025-07-24,2025-07-30 23:59:59.999999
MSFT::resistance::513.3500::5.1325::avwap_D::D,MSFT,resistance,cost,D,avwap_D,510.78302903375413,515.9165268129879,513.349777923371,1,2025-07-31,2025-08-06 23:59:59.999999
"MSFT::support::481.5550::16.8575::avwap_D,vp_W::D,W",MSFT,support,composite,"D,W","avwap_D,vp_W",473.1267205238342,489.9853598777547,481.5560402007944,1,2025-07-31,2025-08-06 23:59:59.999999
"MSFT::support::504.4250::24.2925::avwap_D,vp_D,vp_W::D,W",MSFT,support,composite,"D,W","avwap_D,vp_D,vp_W",492.27922176361085,516.5718477948507,504.42553477923076,1,2025-07-31,2025-08-06 23:59:59.999999
"MSFT::resistance::535.3950::9.4075::avwap_D,vp_D::D",MSFT,resistance,composite,D,"avwap_D,vp_D",530.688335483536,540.0968365573883,535.3925860204622,1,2025-08-07,2025-08-13 23:59:59.999999
MSFT::support::485.1850::4.8525::avwap_D::D,MSFT,support,cost,D,avwap_D,482.7595977919949,487.61145304618583,485.18552541909037,1,2025-08-07,2025-08-13 23:59:59.999999
"MSFT::support::503.1450::27.9525::avwap_D,vp_D,vp_W::D,W",MSFT,support,composite,"D,W","avwap_D,vp_D,vp_W",489.1676481919621,517.1190087795258,503.14332848574395,1,2025-08-07,2025-08-13 23:59:59.999999
"MSFT::resistance::529.2450::21.2675::avwap_D,vp_D::D",MSFT,resistance,composite,D,"avwap_D,vp_D",518.6108480834961,539.8774575805664,529.2441528320312,1,2025-08-14,2025-08-20 23:59:59.999999
MSFT::support::487.8000::4.8775::avwap_D::D,MSFT,support,cost,D,avwap_D,485.36005631934364,490.238046835116,487.7990515772298,1,2025-08-14,2025-08-20 23:59:59.999999
"MSFT::support::503.8350::26.2200::avwap_D,vp_D,vp_W::D,W",MSFT,support,composite,"D,W","avwap_D,vp_D,vp_W",490.7269478225708,516.9480435180664,503.8374956703186,1,2025-08-14,2025-08-20 23:59:59.999999
"MSFT::resistance::514.7050::29.3375::avwap_D,vp_D,vp_W::D,W",MSFT,resistance,composite,"D,W","avwap_D,vp_D,vp_W",500.0376058959961,529.3747254943847,514.7061656951904,1,2025-08-21,2025-08-27 23:59:59.999999
MSFT::resistance::535.2600::7.4775::vp_D::D,MSFT,resistance,inventory,D,vp_D,531.5195487213134,538.9975512949626,535.258550008138,1,2025-08-21,2025-08-27 23:59:59.999999
MSFT::support::490.0850::4.9000::avwap_D::D,MSFT,support,cost,D,avwap_D,487.63283330801306,492.53366580357095,490.083249555792,1,2025-08-21,2025-08-27 23:59:59.999999
MSFT::support::497.3850::7.4450::avwap_D::D,MSFT,support,cost,D,avwap_D,493.66024118439583,501.10582583995244,497.38303351217417,1,2025-08-21,2025-08-27 23:59:59.999999
"MSFT::resistance::514.4050::30.3850::avwap_D,vp_D,vp_W::D,W",MSFT,resistance,composite,"D,W","avwap_D,vp_D,vp_W",499.2110949897766,529.5971172904968,514.4041061401367,1,2025-08-28,2025-09-04 23:59:59.999999
MSFT::resistance::535.8750::8.9175::vp_D::D,MSFT,resistance,inventory,D,vp_D,531.4181268596649,540.3356458759308,535.8768863677979,1,2025-08-28,2025-09-04 23:59:59.999999
MSFT::support::491.1200::4.9100::avwap_D::D,MSFT,support,cost,D,avwap_D,488.6667280187747,493.57795141594835,491.1223397173615,1,2025-08-28,2025-09-04 23:59:59.999999
MSFT::support::497.9750::7.2775::avwap_D::D,MSFT,support,cost,D,avwap_D,494.33631663271836,501.61493453784993,497.97562558528415,1,2025-08-28,2025-09-04 23:59:59.999999
MSFT::support::506.2200::8.6200::vp_D::D,MSFT,support,inventory,D,vp_D,501.910156844457,510.53111334800724,506.2206350962321,1,2025-08-28,2025-09-04 23:59:59.999999
"MSFT::resistance::513.1100::27.9550::avwap_D,vp_D,vp_W::D,W",MSFT,resistance,composite,"D,W","avwap_D,vp_D,vp_W",499.13320710500085,527.0882469113668,513.1107270081839,1,2025-09-05,2025-09-11 23:59:59.999999
MSFT::support::491.9200::4.9200::avwap_D::D,MSFT,support,cost,D,avwap_D,489.4628641281451,494.38208889325205,491.9224765106986,1,2025-09-05,2025-09-11 23:59:59.999999
MSFT::support::497.3700::4.9725::avwap_D::D,MSFT,support,cost,D,avwap_D,494.8855443251363,499.8592683887055,497.3724063569209,1,2025-09-05,2025-09-11 23:59:59.999999
"MSFT::support::506.1550::10.2950::avwap_D,vp_D::D",MSFT,support,composite,D,"avwap_D,vp_D",501.00859352747597,511.3041175524394,506.15635553995764,1,2025-09-05,2025-09-11 23:59:59.999999
"MSFT::resistance::511.3200::30.2950::avwap_D,vp_D,vp_W::D,W",MSFT,resistance,composite,"D,W","avwap_D,vp_D,vp_W",496.17454307556153,526.4704161643982,511.32247961997984,1,2025-09-12,2025-09-18 23:59:59.999999
MSFT::support::492.3800::4.9250::avwap_D::D,MSFT,support,cost,D,avwap_D,489.91921527960255,494.8430264884428,492.38112088402266,1,2025-09-12,2025-09-18 23:59:59.999999
MSFT::support::497.5250::4.9750::avwap_D::D,MSFT,support,cost,D,avwap_D,495.0372811609191,500.01253021781275,497.52490568936594,1,2025-09-12,2025-09-18 23:59:59.999999
"MSFT::resistance::512.0850::28.7750::avwap_D,vp_W::D,W",MSFT,resistance,composite,"D,W","avwap_D,vp_W",497.6945847511291,526.4704161643982,512.0825004577637,1,2025-09-19,2025-09-25 23:59:59.999999
"MSFT::support::501.1550::20.6425::avwap_D,vp_D::D",MSFT,support,composite,D,"avwap_D,vp_D",490.83451399534334,511.47638216018674,501.1554480777651,1,2025-09-19,2025-09-25 23:59:59.999999
"MSFT::resistance::508.1050::17.4300::avwap_D,vp_D,vp_W::D,W",MSFT,resistance,composite,"D,W","avwap_D,vp_D,vp_W",499.3900128173828,516.8193147776094,508.1046637974961,1,2025-09-26,2025-10-02 23:59:59.999999
"MSFT::support::497.6650::11.2450::avwap_D,vp_D::D",MSFT,support,composite,D,"avwap_D,vp_D",492.0430432415936,503.2881433137258,497.6655932776597,1,2025-09-26,2025-10-02 23:59:59.999999
MSFT::support::497.7700::9.5525::avwap_D::D,MSFT,support,cost,D,avwap_D,492.99174338667075,502.54526344325876,497.76850341496475,1,2025-10-03,2025-10-09 23:59:59.999999
"MSFT::support::509.5200::15.8700::avwap_D,vp_D,vp_W::D,W",MSFT,support,composite,"D,W","avwap_D,vp_D,vp_W",501.5870459238688,517.4576768493652,509.522361386617,1,2025-10-03,2025-10-09 23:59:59.999999
MSFT::resistance::524.3200::5.2425::avwap_D::D,MSFT,resistance,cost,D,avwap_D,521.7002151622085,526.9434334050447,524.3218242836266,1,2025-10-10,2025-10-16 23:59:59.999999
MSFT::support::496.5300::4.9650::avwap_D::D,MSFT,support,cost,D,avwap_D,494.0479259335431,499.01323172182,496.53057882768155,1,2025-10-10,2025-10-16 23:59:59.999999
"MSFT::support::509.4200::16.6275::avwap_D,vp_D,vp_W::D,W",MSFT,support,composite,"D,W","avwap_D,vp_D,vp_W",501.1034467061361,517.732147064209,509.41779688517255,1,2025-10-10,2025-10-16 23:59:59.999999
"MSFT::resistance::512.5900::16.5675::avwap_D,vp_D,vp_W::D,W",MSFT,resistance,composite,"D,W","avwap_D,vp_D,vp_W",504.30900787353517,520.8756408172039,512.5923243453695,1,2025-10-17,2025-10-23 23:59:59.999999
MSFT::support::497.1600::4.9725::avwap_D::D,MSFT,support,cost,D,avwap_D,494.6720520089833,499.64363042113393,497.1578412150586,1,2025-10-17,2025-10-23 23:59:59.999999
MSFT::support::511.4150::5.1150::avwap_D::D,MSFT,support,cost,D,avwap_D,508.8556292350959,513.9697561620818,511.41269269858884,1,2025-10-17,2025-10-23 23:59:59.999999
MSFT::support::497.8750::4.9800::avwap_D::D,MSFT,support,cost,D,avwap_D,495.3872238292462,500.36598989788183,497.876606863564,1,2025-10-24,2025-10-30 23:59:59.999999
"MSFT::support::514.0150::16.2100::avwap_D,vp_D,vp_W::D,W",MSFT,support,composite,"D,W","avwap_D,vp_D,vp_W",505.9117884572347,522.1224479166666,514.0171181869507,1,2025-10-24,2025-10-30 23:59:59.999999
MSFT::support::500.0050::5.0000::avwap_D::D,MSFT,support,cost,D,avwap_D,497.5069458409915,502.50701564843865,500.00698074471507,1,2025-10-31,2025-11-06 23:59:59.999999
"MSFT::support::516.5800::23.8025::avwap_D,vp_D,vp_W::D,W",MSFT,support,composite,"D,W","avwap_D,vp_D,vp_W",504.6779961109161,528.4804273351034,516.5792117230097,1,2025-10-31,2025-11-06 23:59:59.999999
MSFT::resistance::501.8000::5.0175::avwap_D::D,MSFT,resistance,cost,D,avwap_D,499.2896911997662,504.30767804599503,501.7986846228806,1,2025-11-07,2025-11-13 23:59:59.999999
"MSFT::resistance::516.3200::22.0575::avwap_D,vp_D,vp_W::D,W",MSFT,resistance,composite,"D,W","avwap_D,vp_D,vp_W",505.29297639846806,527.3495991738637,516.3212877861658,1,2025-11-07,2025-11-13 23:59:59.999999
MSFT::resistance::504.0800::5.0400::avwap_D::D,MSFT,resistance,cost,D,avwap_D,501.5586511352529,506.59944159892376,504.0790463670883,1,2025-11-14,2025-11-20 23:59:59.999999
"MSFT::resistance::514.6650::25.3025::avwap_D,vp_D,vp_W::D,W",MSFT,resistance,composite,"D,W","avwap_D,vp_D,vp_W",502.01478726704914,527.3181086476643,514.6664479573567,1,2025-11-14,2025-11-20 23:59:59.999999
"MSFT::resistance::493.8650::14.6700::avwap_D,vp_D::D",MSFT,resistance,composite,D,"avwap_D,vp_D",486.53030243430476,501.2003323841095,493.86531740920714,1,2025-11-21,2025-11-30 23:59:59.999999
"MSFT::resistance::514.1250::29.4250::avwap_D,vp_D,vp_W::D,W",MSFT,resistance,composite,"D,W","avwap_D,vp_D,vp_W",499.41265325546266,528.8383842849731,514.1255187702179,1,2025-11-21,2025-11-30 23:59:59.999999
MSFT::resistance::540.7900::11.8800::vp_D::D,MSFT,resistance,inventory,D,vp_D,534.849060792923,546.728491640091,540.7887762165069,1,2025-11-21,2025-11-30 23:59:59.999999
"MSFT::resistance::496.9150::12.6175::avwap_W,vp_D::D,W",MSFT,resistance,composite,"D,W","avwap_W,vp_D",490.6070422299703,503.2249476789333,496.9159949544518,1,2025-12-01,2025-12-03 23:59:59.999999
"MSFT::resistance::513.0050::27.3375::avwap_D,avwap_W,vp_D,vp_W::D,W",MSFT,resistance,composite,"D,W","avwap_D,avwap_W,vp_D,vp_W",499.33746513366697,526.6750165557861,513.0062408447266,2,2025-12-01,2025-12-03 23:59:59.999999
MSFT::support::474.9600::8.7775::vp_D::D,MSFT,support,inventory,D,vp_D,470.5705456018448,479.3468948125839,474.95872020721436,1,2025-12-01,2025-12-03 23:59:59.999999
"MSFT::support::484.7700::10.7525::avwap_D,avwap_W,vp_D::D,W",MSFT,support,composite,"D,W","avwap_D,avwap_W,vp_D",479.39337238211743,490.1453282658259,484.7693503239717,1,2025-12-01,2025-12-03 23:59:59.999999
"MSFT::resistance::491.8350::21.8100::avwap_D,avwap_W,vp_D,vp_W::D,W",MSFT,resistance,composite,"D,W","avwap_D,avwap_W,vp_D,vp_W",480.92823711854015,502.73748727148296,491.83286219501156,1,2025-12-04,
MSFT::support::476.3350::8.9250::vp_D::D,MSFT,support,inventory,D,vp_D,471.8735481103261,480.79842480023706,476.3359864552816,1,2025-12-04,
"NVDA::support::134.3050::3.8225::avwap_D,vp_D::D",NVDA,support,composite,D,"avwap_D,vp_D",132.39544382095337,136.21840963363647,134.30692672729492,1,2025-06-17,2025-06-24 23:59:59.999999
"NVDA::support::138.8150::13.1750::avwap_D,vp_D,vp_W::D,W",NVDA,support,composite,"D,W","avwap_D,vp_D,vp_W",132.22592867056528,145.40072627226513,138.81332747141522,1,2025-06-17,2025-06-24 23:59:59.999999
NVDA::support::135.6000::1.3550::avwap_D::D,NVDA,support,cost,D,avwap_D,134.9202503801264,136.27623279600704,135.5982415880667,1,2025-06-25,2025-07-01 23:59:59.999999
"NVDA::support::138.6750::13.7675::avwap_D,vp_D,vp_W::D,W",NVDA,support,composite,"D,W","avwap_D,vp_D,vp_W",131.79162876447043,145.5583811537425,138.67500495910645,1,2025-06-25,2025-07-01 23:59:59.999999
"NVDA::resistance::156.8550::2.6850::avwap_D,vp_D::D",NVDA,resistance,composite,D,"avwap_D,vp_D",155.5142471404343,158.19880201339723,156.85652457691577,1,2025-07-02,2025-07-09 23:59:59.999999
NVDA::support::133.8900::6.1425::vp_W::W,NVDA,support,inventory,W,vp_W,130.81929796059924,136.96195521831513,133.89062658945718,1,2025-07-02,2025-07-09 23:59:59.999999
NVDA::support::138.3150::1.3825::avwap_D::D,NVDA,support,cost,D,avwap_D,137.62492218119155,139.0080872282387,138.31650470471513,1,2025-07-02,2025-07-09 23:59:59.999999
"NVDA::support::143.2250::6.7825::avwap_D,vp_D,vp_W::D,W",NVDA,support,composite,"D,W","avwap_D,vp_D,vp_W",139.8347396659851,146.6174947118759,143.22611718893052,1,2025-07-02,2025-07-09 23:59:59.999999
"NVDA::support::143.1150::5.8375::avwap_D,vp_D,vp_W::D,W",NVDA,support,composite,"D,W","avwap_D,vp_D,vp_W",140.19774974028272,146.03641990184784,143.11708482106528,1,2025-07-10,2025-07-16 23:59:59.999999
NVDA::support::147.3450::1.9675::avwap_D::D,NVDA,support,cost,D,avwap_D,146.35947209011783,148.32801672012022,147.34374440511903,1,2025-07-10,2025-07-16 23:59:59.999999
NVDA::support::157.0550::4.5150::vp_D::D,NVDA,support,inventory,D,vp_D,154.79784257888795,159.31402723312377,157.05593490600586,1,2025-07-10,2025-07-16 23:59:59.999999
"NVDA::support::156.3400::7.3775::vp_D,vp_W::D,W",NVDA,support,composite,"D,W","vp_D,vp_W",152.65007144292196,160.02797029813132,156.33902087052664,1,2025-07-17,2025-07-23 23:59:59.999999
NVDA::support::162.9100::2.8950::vp_D::D,NVDA,support,inventory,D,vp_D,161.4621153386434,164.35662550608316,162.90937042236328,1,2025-07-17,2025-07-23 23:59:59.999999
"NVDA::support::170.8200::2.3400::avwap_D,vp_D::D",NVDA,support,composite,D,"avwap_D,vp_D",169.64777808507284,171.98866854985553,170.81822331746417,1,2025-07-17,2025-07-23 23:59:59.999999
"NVDA::resistance::171.3800::4.3150::vp_D,vp_W::D,W",NVDA,resistance,composite,"D,W","vp_D,vp_W",169.22310435056684,173.5369050971667,171.38000472386676,1,2025-07-24,2025-07-30 23:59:59.999999
"NVDA::support::156.7350::5.3825::vp_D,vp_W::D,W",NVDA,support,composite,"D,W","vp_D,vp_W",154.04277821222942,159.42540130138397,156.7340897568067,1,2025-07-24,2025-07-30 23:59:59.999999
NVDA::support::163.0600::2.1500::vp_D::D,NVDA,support,inventory,D,vp_D,161.98470240354538,164.13530256827673,163.06000248591107,1,2025-07-24,2025-07-30 23:59:59.999999
NVDA::support::170.2800::1.7025::avwap_D::D,NVDA,support,cost,D,avwap_D,169.429023456087,171.1318277119271,170.28042558400705,1,2025-07-24,2025-07-30 23:59:59.999999
"NVDA::support::157.0100::6.9850::avwap_D,vp_D,vp_W::D,W",NVDA,support,composite,"D,W","avwap_D,vp_D,vp_W",153.51877508980675,160.504632563591,157.01170382669886,1,2025-07-31,2025-08-06 23:59:59.999999
NVDA::support::163.0700::2.7525::vp_D::D,NVDA,support,inventory,D,vp_D,161.695265789032,164.44722841262816,163.07124710083008,1,2025-07-31,2025-08-06 23:59:59.999999
"NVDA::support::172.0400::6.2050::vp_D,vp_W::D,W",NVDA,support,composite,"D,W","vp_D,vp_W",168.93854177474975,175.14395486831665,172.0412483215332,1,2025-07-31,2025-08-06 23:59:59.999999
"NVDA::support::157.5050::5.0150::avwap_D,vp_W::D,W",NVDA,support,composite,"D,W","avwap_D,vp_W",154.99913561820983,160.01336514472962,157.50625038146973,1,2025-08-07,2025-08-13 23:59:59.999999
"NVDA::support::172.1250::6.8800::vp_D,vp_W::D,W",NVDA,support,composite,"D,W","vp_D,vp_W",168.68272140979767,175.56269904613495,172.1227102279663,1,2025-08-07,2025-08-13 23:59:59.999999
"NVDA::support::178.3150::3.6000::avwap_D,vp_D::D",NVDA,support,composite,D,"avwap_D,vp_D",176.5165035859197,180.11773213386536,178.31711785989253,1,2025-08-07,2025-08-13 23:59:59.999999
"NVDA::resistance::182.6000::3.0950::avwap_D,vp_D::D",NVDA,resistance,composite,D,"avwap_D,vp_D",181.05327708684425,184.14931796550752,182.60129752617587,1,2025-08-14,2025-08-20 23:59:59.999999
NVDA::support::153.1800::1.5325::avwap_D::D,NVDA,support,cost,D,avwap_D,152.412837960215,153.94462527639806,153.17873161830653,1,2025-08-14,2025-08-20 23:59:59.999999
"NVDA::support::157.4450::6.1250::avwap_D,vp_W::D,W",NVDA,support,composite,"D,W","avwap_D,vp_W",154.38262691642132,160.50724124590556,157.44493408116344,1,2025-08-14,2025-08-20 23:59:59.999999
"NVDA::support::175.6350::12.3700::avwap_D,vp_D,vp_W::D,W",NVDA,support,composite,"D,W","avwap_D,vp_D,vp_W",169.45181551297506,181.82067721366883,175.63624636332196,1,2025-08-14,2025-08-20 23:59:59.999999
"NVDA::resistance::179.3000::9.4175::avwap_D,vp_D,vp_W::D,W",NVDA,resistance,composite,"D,W","avwap_D,vp_D,vp_W",174.59374257613706,184.01063049316406,179.30218653465056,1,2025-08-21,2025-08-27 23:59:59.999999
NVDA::support::156.7600::1.5675::avwap_D::D,NVDA,support,cost,D,avwap_D,155.9785443169561,157.54616787793051,156.7623560974433,1,2025-08-21,2025-08-27 23:59:59.999999
NVDA::support::160.1100::1.6000::avwap_D::D,NVDA,support,cost,D,avwap_D,159.3118685250312,160.91299283181544,160.11243067842332,1,2025-08-21,2025-08-27 23:59:59.999999
NVDA::support::172.1100::4.4700::vp_W::W,NVDA,support,inventory,W,vp_W,169.8736227162679,174.34387606302897,172.10874938964844,1,2025-08-21,2025-08-27 23:59:59.999999
NVDA::support::161.5800::1.6150::avwap_D::D,NVDA,support,cost,D,avwap_D,160.77312849594867,162.38893883259138,161.58103366427002,1,2025-08-28,2025-09-04 23:59:59.999999
NVDA::support::172.0400::3.9825::vp_W::W,NVDA,support,inventory,W,vp_W,170.04979188601175,174.031866795222,172.04082934061688,1,2025-08-28,2025-09-04 23:59:59.999999
"NVDA::support::179.7150::8.0725::avwap_D,vp_D,vp_W::D,W",NVDA,support,composite,"D,W","avwap_D,vp_D,vp_W",175.67851467609407,183.75120092868804,179.71485780239107,1,2025-08-28,2025-09-04 23:59:59.999999
"NVDA::resistance::179.6050::8.6875::avwap_D,vp_D,vp_W::D,W",NVDA,resistance,composite,"D,W","avwap_D,vp_D,vp_W",175.26073030799137,183.9469903477033,179.60386032784731,1,2025-09-05,2025-09-11 23:59:59.999999
NVDA::support::157.5900::1.5750::avwap_D::D,NVDA,support,cost,D,avwap_D,156.8025114193781,158.3784160567588,157.59046373806845,1,2025-09-05,2025-09-11 23:59:59.999999
NVDA::support::162.6700::1.6275::avwap_D::D,NVDA,support,cost,D,avwap_D,161.85904879597626,163.48577290447855,162.6724108502274,1,2025-09-05,2025-09-11 23:59:59.999999
"NVDA::support::171.3800::3.5850::avwap_D,vp_D,vp_W::D,W",NVDA,support,composite,"D,W","avwap_D,vp_D,vp_W",169.5856093978882,173.17105869293212,171.37833404541016,1,2025-09-05,2025-09-11 23:59:59.999999
"NVDA::resistance::179.1650::8.1725::vp_D,vp_W::D,W",NVDA,resistance,composite,"D,W","vp_D,vp_W",175.0810724401474,183.25247686704,179.1667746535937,1,2025-09-12,2025-09-18 23:59:59.999999
NVDA::support::163.3300::1.6325::avwap_D::D,NVDA,support,cost,D,avwap_D,162.51091787654448,164.14419343309268,163.32755565481858,1,2025-09-12,2025-09-18 23:59:59.999999
"NVDA::support::170.3250::4.0050::avwap_D,vp_D::D",NVDA,support,composite,D,"avwap_D,vp_D",168.3199057706197,172.32546012440503,170.32268294751236,1,2025-09-12,2025-09-18 23:59:59.999999
NVDA::support::175.5850::2.9600::avwap_D::D,NVDA,support,cost,D,avwap_D,174.10302649333866,177.0636112746891,175.58331888401386,1,2025-09-12,2025-09-18 23:59:59.999999
"NVDA::resistance::178.9500::7.7425::vp_D,vp_W::D,W",NVDA,resistance,composite,"D,W","vp_D,vp_W",175.0810724401474,182.82350862979888,178.95229053497314,1,2025-09-19,2025-09-25 23:59:59.999999
NVDA::support::170.0200::3.4000::vp_D::D,NVDA,support,inventory,D,vp_D,168.3199057706197,171.72010531743368,170.02000554402667,1,2025-09-19,2025-09-25 23:59:59.999999
NVDA::support::172.6750::1.7275::avwap_D::D,NVDA,support,cost,D,avwap_D,171.8127007393686,173.53946155081957,172.6760811450941,1,2025-09-19,2025-09-25 23:59:59.999999
"NVDA::support::175.3300::3.0150::avwap_D,vp_D::D",NVDA,support,composite,D,"avwap_D,vp_D",173.82046662489572,176.83504611921398,175.32775637205486,1,2025-09-19,2025-09-25 23:59:59.999999
"NVDA::resistance::179.0050::7.7625::avwap_D,vp_W::D,W",NVDA,resistance,composite,"D,W","avwap_D,vp_W",175.12165481090545,182.88502027352652,179.003337542216,1,2025-09-26,2025-10-02 23:59:59.999999
NVDA::support::164.9900::1.6500::avwap_D::D,NVDA,support,cost,D,avwap_D,164.16285818517113,165.8127361568814,164.98779717102627,1,2025-09-26,2025-10-02 23:59:59.999999
NVDA::support::170.0450::3.4075::vp_D::D,NVDA,support,inventory,D,vp_D,168.33978955904644,171.74688926378886,170.04333941141766,1,2025-09-26,2025-10-02 23:59:59.999999
"NVDA::support::176.5250::5.8750::avwap_D,vp_D::D",NVDA,support,composite,D,"avwap_D,vp_D",173.58664327965755,179.46208765427272,176.52436546696515,1,2025-09-26,2025-10-02 23:59:59.999999
NVDA::support::166.0550::1.6600::avwap_D::D,NVDA,support,cost,D,avwap_D,165.22504317647838,166.8855963742319,166.05531977535514,1,2025-10-03,2025-10-09 23:59:59.999999
NVDA::support::169.4150::4.5025::vp_D::D,NVDA,support,inventory,D,vp_D,167.16316187620163,171.66486566305161,169.41401376962662,1,2025-10-03,2025-10-09 23:59:59.999999
"NVDA::support::178.9800::10.2300::avwap_D,vp_D,vp_W::D,W",NVDA,support,composite,"D,W","avwap_D,vp_D,vp_W",173.8660045647621,184.0953366112709,178.9806705880165,1,2025-10-03,2025-10-09 23:59:59.999999
NVDA::support::160.4850::1.6050::avwap_D::D,NVDA,support,cost,D,avwap_D,159.68128591031856,161.2861229546434,160.48370443248098,1,2025-10-10,2025-10-16 23:59:59.999999
NVDA::support::167.0550::1.6700::avwap_D::D,NVDA,support,cost,D,avwap_D,166.21956740821275,167.8901158243757,167.05484161629423,1,2025-10-10,2025-10-16 23:59:59.999999
"NVDA::support::181.8300::16.4850::avwap_D,vp_D,vp_W::D,W",NVDA,support,composite,"D,W","avwap_D,vp_D,vp_W",173.58808712323506,190.0735964369774,181.83084178010623,1,2025-10-10,2025-10-16 23:59:59.999999
"NVDA::resistance::182.6750::4.0400::avwap_D,vp_D::D",NVDA,resistance,composite,D,"avwap_D,vp_D",180.6524184036255,184.69348630095973,182.6729523522926,1,2025-10-17,2025-10-23 23:59:59.999999
NVDA::resistance::187.4200::5.1550::vp_D::D,NVDA,resistance,inventory,D,vp_D,184.84352179209392,189.99751722971598,187.42051951090497,1,2025-10-17,2025-10-23 23:59:59.999999
NVDA::support::161.6050::1.6150::avwap_D::D,NVDA,support,cost,D,avwap_D,160.79875610945413,162.4148240100517,161.6067900597529,1,2025-10-17,2025-10-23 23:59:59.999999
NVDA::support::168.0200::1.6800::avwap_D::D,NVDA,support,cost,D,avwap_D,167.18014739462436,168.86034988100246,168.0202486378134,1,2025-10-17,2025-10-23 23:59:59.999999
"NVDA::support::178.5300::9.6725::avwap_D,vp_D,vp_W::D,W",NVDA,support,composite,"D,W","avwap_D,vp_D,vp_W",173.69401782989502,183.36681896209717,178.5304183959961,1,2025-10-17,2025-10-23 23:59:59.999999
"NVDA::resistance::182.2600::4.4100::avwap_D,vp_D::D",NVDA,resistance,composite,D,"avwap_D,vp_D",180.05328821182252,184.46211553573607,182.2577018737793,1,2025-10-24,2025-10-30 23:59:59.999999
NVDA::resistance::187.4350::5.3175::vp_D::D,NVDA,resistance,inventory,D,vp_D,184.77642783164978,190.09475317955017,187.43559050559998,1,2025-10-24,2025-10-30 23:59:59.999999
NVDA::support::162.2500::1.6225::avwap_D::D,NVDA,support,cost,D,avwap_D,161.43726864385735,163.05975375585592,162.24851119985664,1,2025-10-24,2025-10-30 23:59:59.999999
NVDA::support::168.5400::1.6850::avwap_D::D,NVDA,support,cost,D,avwap_D,167.69733556476567,169.3827359222005,168.5400357434831,1,2025-10-24,2025-10-30 23:59:59.999999
"NVDA::support::179.8450::9.6850::avwap_D,vp_W::D,W",NVDA,support,composite,"D,W","avwap_D,vp_W",175.00202774047852,184.68797470092773,179.84500122070312,1,2025-10-24,2025-10-30 23:59:59.999999
NVDA::resistance::206.3450::2.0625::avwap_D::D,NVDA,resistance,cost,D,avwap_D,205.31508707324542,207.37855528503684,206.34682117914113,1,2025-10-31,2025-11-06 23:59:59.999999
NVDA::support::163.9800::1.6400::avwap_D::D,NVDA,support,cost,D,avwap_D,163.1619912270583,164.8018102343654,163.98190073071186,1,2025-10-31,2025-11-06 23:59:59.999999
NVDA::support::170.2400::1.7025::avwap_D::D,NVDA,support,cost,D,avwap_D,169.38748343996556,171.0898702082064,170.23867682408599,1,2025-10-31,2025-11-06 23:59:59.999999
"NVDA::support::181.8250::16.8225::avwap_D,vp_D,vp_W::D,W",NVDA,support,composite,"D,W","avwap_D,vp_D,vp_W",173.41502371152242,190.237139655749,181.82608168363572,1,2025-10-31,2025-11-06 23:59:59.999999
NVDA::resistance::188.6650::1.8875::avwap_D::D,NVDA,resistance,cost,D,avwap_D,187.72029265910962,189.60692876623634,188.66361071267298,1,2025-11-07,2025-11-13 23:59:59.999999
NVDA::resistance::191.9000::1.9200::avwap_D::D,NVDA,resistance,cost,D,avwap_D,190.9390483869169,192.85803379784068,191.8985410923788,1,2025-11-07,2025-11-13 23:59:59.999999
"NVDA::resistance::202.2300::2.7600::avwap_D,vp_D::D",NVDA,resistance,composite,D,"avwap_D,vp_D",200.84795372804007,203.60814864317575,202.2280511856079,1,2025-11-07,2025-11-13 23:59:59.999999
NVDA::support::166.5950::1.6650::avwap_D::D,NVDA,support,cost,D,avwap_D,165.76333092749977,167.42929405239929,166.59631248994953,1,2025-11-07,2025-11-13 23:59:59.999999
NVDA::support::171.6000::1.7150::avwap_D::D,NVDA,support,cost,D,avwap_D,170.7426919127432,172.4586988666401,171.60069538969165,1,2025-11-07,2025-11-13 23:59:59.999999
"NVDA::support::182.8850::16.1800::avwap_D,vp_D,vp_W::D,W",NVDA,support,composite,"D,W","avwap_D,vp_D,vp_W",174.79621385892233,190.97689884503683,182.88655635197958,1,2025-11-07,2025-11-13 23:59:59.999999
NVDA::resistance::188.9650::1.8900::avwap_D::D,NVDA,resistance,cost,D,avwap_D,188.01940377887442,189.90904602790832,188.96422490339137,1,2025-11-14,2025-11-20 23:59:59.999999
"NVDA::resistance::193.0800::4.7350::avwap_D,vp_D::D",NVDA,resistance,composite,D,"avwap_D,vp_D",190.71072991108917,195.44681534290314,193.07877262699617,1,2025-11-14,2025-11-20 23:59:59.999999
NVDA::resistance::197.3750::1.9750::avwap_D::D,NVDA,resistance,cost,D,avwap_D,196.38913753115136,198.36289770734382,197.3760176192476,1,2025-11-14,2025-11-20 23:59:59.999999
NVDA::support::171.9000::2.9275::avwap_D::D,NVDA,support,cost,D,avwap_D,170.43514896556508,173.3627103094529,171.89892963750899,1,2025-11-14,2025-11-20 23:59:59.999999
"NVDA::support::184.5250::11.6100::avwap_D,vp_D,vp_W::D,W",NVDA,support,composite,"D,W","avwap_D,vp_D,vp_W",178.7173919550578,190.32761638641358,184.5225041707357,1,2025-11-14,2025-11-20 23:59:59.999999
"NVDA::resistance::187.2950::17.0125::avwap_D,vp_D,vp_W::D,W",NVDA,resistance,composite,"D,W","avwap_D,vp_D,vp_W",178.79178893725077,195.8032098197937,187.29749937852222,1,2025-11-21,2025-11-30 23:59:59.999999
NVDA::support::172.5800::2.8925::avwap_D::D,NVDA,support,cost,D,avwap_D,171.13480142702852,174.02852813107953,172.58166477905402,1,2025-11-21,2025-11-30 23:59:59.999999
NVDA::resistance::177.2000::1.7725::avwap_D::D,NVDA,resistance,cost,D,avwap_D,176.3150253875955,178.08703569299846,177.20103054029698,1,2025-12-01,2025-12-03 23:59:59.999999
NVDA::resistance::179.9600::1.8000::avwap_D::D,NVDA,resistance,cost,D,avwap_D,179.05774886718552,180.8573242326849,179.9575365499352,1,2025-12-01,2025-12-03 23:59:59.999999
"NVDA::resistance::186.1850::17.3425::avwap_D,avwap_W,vp_D,vp_W::D,W",NVDA,resistance,composite,"D,W","avwap_D,avwap_W,vp_D,vp_W",177.51451957702636,194.85721432526907,186.18586695114772,1,2025-12-01,2025-12-03 23:59:59.999999
NVDA::support::167.9900::3.2950::avwap_W::W,NVDA,support,cost,W,avwap_W,166.3436036481467,169.63881102826087,167.9912073382038,1,2025-12-01,2025-12-03 23:59:59.999999
NVDA::support::174.5050::1.7450::avwap_D::D,NVDA,support,cost,D,avwap_D,173.6334471144942,175.3785068844891,174.50597699949165,1,2025-12-01,2025-12-03 23:59:59.999999
"NVDA::resistance::182.6950::13.9000::avwap_D,avwap_W,vp_D,vp_W::D,W",NVDA,resistance,composite,"D,W","avwap_D,avwap_W,vp_D,vp_W",175.74673626899718,189.64569416178526,182.69621521539122,1,2025-12-04,
NVDA::support::168.2200::3.2725::avwap_W::W,NVDA,support,cost,W,avwap_W,166.58117199148907,169.85405316432,168.21761257790453,1,2025-12-04,
NVDA::support::175.5350::1.7550::avwap_D::D,NVDA,support,cost,D,avwap_D,174.6574695877922,176.41282104093585,175.53514531436403,1,2025-12-04,
NVDA::support::178.5900::1.7850::avwap_D::D,NVDA,support,cost,D,avwap_D,177.69759916850398,179.48350468778546,178.59055192814472,1,2025-12-04,
